FILE,RECUT_BEGIN,RECUT_END,MOD_GESTURE,MOD_VOCAL,LANGUAGE,COMMENT,NOTES,WATCHED
6_1_trial_2_p0_vlieg_gebaren_final.avi,,,,,,,,1
6_1_trial_3_p0_scherp_gebaren_final.avi,,,,,,,,0
6_1_trial_4_p0_sterk_gebaren_final.avi,,,,,,,,0
6_1_trial_5_p0_blazen_gebaren_final.avi,,,,,,,,0
6_1_trial_6_p0_kauwen_gebaren_final.avi,,,,,,,,0
6_1_trial_7_p0_slaan_gebaren_final.avi,,,,,,,,0
6_1_trial_8_p0_likken_gebaren_final.avi,,,,,,,,0
6_1_trial_11_p1_ei_gebaren_final.avi,,,,,,,,0
6_1_trial_12_p1_langzaam_gebaren_final.avi,,,,,,,,0
6_1_trial_13_p1_piepen_gebaren_final.avi,,,,,,,,0
6_1_trial_14_p1_grommen_gebaren_final.avi,,,,,,,,0
6_1_trial_15_p1_horen_gebaren_final.avi,,,,,,,,0
6_1_trial_16_p1_weten_gebaren_final.avi,,,,,,,,0
6_1_trial_17_p1_rennen_gebaren_final.avi,,,,,,,,0
6_1_trial_20_p0_groot_combinatie_final.avi,,,,,,,,0
6_1_trial_21_p0_vrouw_combinatie_final.avi,,,,,,,,0
6_1_trial_22_p0_vis_combinatie_final.avi,,,,,,,,0
6_1_trial_23_p0_slang_combinatie_final.avi,,,,,,,,0
6_1_trial_24_p0_ademen_combinatie_final.avi,,,,,,,,0
6_1_trial_25_p0_jagen_combinatie_final.avi,,,,,,,,0
6_1_trial_26_p0_fluisteren_combinatie_final.avi,,,,,,,,0
6_1_trial_29_p1_boos_combinatie_final.avi,,,,,,,,0
6_1_trial_30_p1_kat_combinatie_final.avi,,,,,,,,0
6_1_trial_31_p1_hond_combinatie_final.avi,,,,,,,,0
6_1_trial_32_p1_berg_combinatie_final.avi,,,,,,,,0
6_1_trial_33_p1_oud_combinatie_final.avi,,,,,,,,0
6_1_trial_34_p1_ziek_combinatie_final.avi,,,,,,,,0
6_1_trial_35_p1_kotsen_combinatie_final.avi,,,,,,,,0
6_1_trial_38_p0_ik_geluiden_final.avi,,,,,,,,0
6_1_trial_39_p0_goed_geluiden_final.avi,,,,,,,,0
6_1_trial_40_p0_heet_geluiden_final.avi,,,,,,,,0
6_1_trial_41_p0_niet_geluiden_final.avi,,,,,,,,0
6_1_trial_42_p0_bijten_geluiden_final.avi,,,,,,,,0
6_1_trial_43_p0_vallen_geluiden_final.avi,,,,,,,,0
6_1_trial_47_p1_ver_geluiden_final.avi,,,,,,,,0
6_1_trial_48_p1_snel_geluiden_final.avi,,,,,,,,0
6_1_trial_49_p1_regen_geluiden_final.avi,,,,,,,,0
6_1_trial_50_p1_stil_geluiden_final.avi,,,,,,,,0
6_1_trial_51_p1_kruipen_geluiden_final.avi,,,,,,,,0
6_1_trial_52_p1_drinken_geluiden_final.avi,,,,,,,,0
6_1_trial_53_p1_slapen_geluiden_final.avi,,,,,,,,0
6_2_trial_4_p0_hoog_geluiden_c0_final.avi,,,,,,,,0
6_2_trial_5_p0_hoog_geluiden_c1_final.avi,,,,,,,,0
6_2_trial_6_p0_hoog_geluiden_c2_final.avi,,,,,,,,0
6_2_trial_7_p0_bliksem_geluiden_c0_final.avi,,,,,,,,0
6_2_trial_8_p0_bliksem_geluiden_c1_final.avi,,,,,,,,0
6_2_trial_9_p0_bliksem_geluiden_c2_final.avi,,,,,,,,0
6_2_trial_10_p0_verdrietig_geluiden_c0_final.avi,,,,,,,,0
6_2_trial_11_p0_verdrietig_geluiden_c1_final.avi,,,,,,,,0
6_2_trial_12_p0_verdrietig_geluiden_c2_final.avi,,,,,,,,0
6_2_trial_13_p0_bang_geluiden_c0_final.avi,,,,,,,,0
6_2_trial_14_p0_bang_geluiden_c1_final.avi,,,,,,,,0
6_2_trial_15_p0_bang_geluiden_c2_final.avi,,,,,,,,0
6_2_trial_16_p0_staart_geluiden_c0_final.avi,,,,,,,,0
6_2_trial_17_p0_staart_geluiden_c1_final.avi,,,,,,,,0
6_2_trial_18_p0_staart_geluiden_c2_final.avi,,,,,,,,0
6_2_trial_19_p0_vechten_geluiden_c0_final.avi,,,,,,,,0
6_2_trial_20_p0_vechten_geluiden_c1_final.avi,,,,,,,,0
6_2_trial_21_p0_vechten_geluiden_c2_final.avi,,,,,,,,0
6_2_trial_22_p0_lopen_geluiden_c0_final.avi,,,,,,,,0
6_2_trial_23_p0_lopen_geluiden_c1_final.avi,,,,,,,,0
6_2_trial_24_p0_lopen_geluiden_c2_final.avi,,,,,,,,0
6_2_trial_31_p1_vogel_geluiden_c0_final.avi,,,,,,,,0
6_2_trial_32_p1_vogel_geluiden_c1_final.avi,,,,,,,,0
6_2_trial_33_p1_koud_geluiden_c0_final.avi,,,,,,,,0
6_2_trial_34_p1_vuur_geluiden_c0_final.avi,,,,,,,,0
6_2_trial_35_p1_vuur_geluiden_c1_final.avi,,,,,,,,0
6_2_trial_36_p1_vuur_geluiden_c2_final.avi,,,,,,,,0
6_2_trial_37_p1_luidruchtig_geluiden_c0_final.avi,,,,,,,,0
6_2_trial_38_p1_luidruchtig_geluiden_c1_final.avi,,,,,,,,0
6_2_trial_39_p1_luidruchtig_geluiden_c2_final.avi,,,,,,,,0
6_2_trial_40_p1_man_geluiden_c0_final.avi,,,,,,,,0
6_2_trial_41_p1_man_geluiden_c1_final.avi,,,,,,,,0
6_2_trial_42_p1_man_geluiden_c2_final.avi,,,,,,,,0
6_2_trial_43_p1_dik_geluiden_c0_final.avi,,,,,,,,0
6_2_trial_44_p1_vangen_geluiden_c0_final.avi,,,,,,,,0
6_2_trial_45_p1_vangen_geluiden_c1_final.avi,,,,,,,,0
6_2_trial_46_p1_vangen_geluiden_c2_final.avi,,,,,,,,0
6_2_trial_51_p0_misschien_combinatie_c0_final.avi,,,,,,,,0
6_2_trial_52_p0_misschien_combinatie_c1_final.avi,,,,,,,,0
6_2_trial_53_p0_misschien_combinatie_c2_final.avi,,,,,,,,0
6_2_trial_54_p0_geur_combinatie_c0_final.avi,,,,,,,,0
6_2_trial_55_p0_zout_combinatie_c0_final.avi,,,,,,,,0
6_2_trial_56_p0_zout_combinatie_c1_final.avi,,,,,,,,0
6_2_trial_57_p0_zout_combinatie_c2_final.avi,,,,,,,,0
6_2_trial_58_p0_vliegen_combinatie_c0_final.avi,,,,,,,,0
6_2_trial_59_p0_lachen_combinatie_c0_final.avi,,,,,,,,0
6_2_trial_60_p0_ruiken_combinatie_c0_final.avi,,,,,,,,0
6_2_trial_61_p0_staan_combinatie_c0_final.avi,,,,,,,,0
6_2_trial_62_p0_staan_combinatie_c1_final.avi,,,,,,,,0
6_2_trial_63_p0_staan_combinatie_c2_final.avi,,,,,,,,0
6_2_trial_68_p1_bitter_combinatie_c0_final.avi,,,,,,,,0
6_2_trial_69_p1_bitter_combinatie_c1_final.avi,,,,,,,,0
6_2_trial_70_p1_dood_combinatie_c0_final.avi,,,,,,,,0
6_2_trial_71_p1_blij_combinatie_c0_final.avi,,,,,,,,0
6_2_trial_72_p1_blij_combinatie_c1_final.avi,,,,,,,,0
6_2_trial_73_p1_zwaar_combinatie_c0_final.avi,,,,,,,,0
6_2_trial_74_p1_zuur_combinatie_c0_final.avi,,,,,,,,0
6_2_trial_75_p1_zuur_combinatie_c1_final.avi,,,,,,,,0
6_2_trial_76_p1_zuur_combinatie_c2_final.avi,,,,,,,,0
6_2_trial_77_p1_eten_combinatie_c0_final.avi,,,,,,,,0
6_2_trial_78_p1_zwemmen_combinatie_c0_final.avi,,,,,,,,0
6_2_trial_81_p0_zoemen_gebaren_c0_final.avi,,,,,,,,0
6_2_trial_82_p0_zoemen_gebaren_c1_final.avi,,,,,,,,0
6_2_trial_83_p0_zoemen_gebaren_c2_final.avi,,,,,,,,0
6_2_trial_84_p0_kind_gebaren_c0_final.avi,,,,,,,,0
6_2_trial_85_p0_kind_gebaren_c1_final.avi,,,,,,,,0
6_2_trial_86_p0_kind_gebaren_c2_final.avi,,,,,,,,0
6_2_trial_87_p0_walgen_gebaren_c0_final.avi,,,,,,,,0
6_2_trial_88_p0_walgen_gebaren_c1_final.avi,,,,,,,,0
6_2_trial_89_p0_walgen_gebaren_c2_final.avi,,,,,,,,0
6_2_trial_90_p0_onweer_gebaren_c0_final.avi,,,,,,,,0
6_2_trial_91_p0_onweer_gebaren_c1_final.avi,,,,,,,,0
6_2_trial_92_p0_onweer_gebaren_c2_final.avi,,,,,,,,0
6_2_trial_93_p0_verbranden_gebaren_c0_final.avi,,,,,,,,0
6_2_trial_94_p0_verbranden_gebaren_c1_final.avi,,,,,,,,0
6_2_trial_95_p0_geven_gebaren_c0_final.avi,,,,,,,,0
6_2_trial_96_p0_gooien_gebaren_c0_final.avi,,,,,,,,0
6_2_trial_101_p1_hoorn_gebaren_c0_final.avi,,,,,,,,0
6_2_trial_102_p1_klein_gebaren_c0_final.avi,,,,,,,,0
6_2_trial_103_p1_zoet_gebaren_c0_final.avi,,,,,,,,0
6_2_trial_104_p1_zoet_gebaren_c1_final.avi,,,,,,,,0
6_2_trial_105_p1_zoet_gebaren_c2_final.avi,,,,,,,,0
6_2_trial_106_p1_huilen_gebaren_c0_final.avi,,,,,,,,0
6_2_trial_107_p1_huilen_gebaren_c1_final.avi,,,,,,,,0
6_2_trial_108_p1_zuigen_gebaren_c0_final.avi,,,,,,,,0
6_2_trial_109_p1_zuigen_gebaren_c1_final.avi,,,,,,,,0
6_2_trial_110_p1_zuigen_gebaren_c2_final.avi,,,,,,,,0
6_2_trial_111_p1_water_gebaren_c0_final.avi,,,,,,,,0
6_2_trial_112_p1_water_gebaren_c1_final.avi,,,,,,,,0
6_2_trial_113_p1_water_gebaren_c2_final.avi,,,,,,,,0
6_2_trial_114_p1_wind_gebaren_c0_final.avi,,,,,,,,0
7_1_trial_2_p0_boos_combinatie_final.avi,,,,,,,,0
7_1_trial_3_p0_ei_combinatie_final.avi,,,,,,,,0
7_1_trial_4_p0_vrouw_combinatie_final.avi,,,,,,,,0
7_1_trial_5_p0_vis_combinatie_final.avi,,,,,,,,0
7_1_trial_6_p0_vlieg_combinatie_final.avi,,,,,,,,0
7_1_trial_7_p0_ziek_combinatie_final.avi,,,,,,,,0
7_1_trial_8_p0_zuur_combinatie_final.avi,,,,,,,,0
7_1_trial_11_p1_walgen_combinatie_final.avi,,,,,,,,0
7_1_trial_12_p1_hond_combinatie_final.avi,,,,,,,,0
7_1_trial_13_p1_niet_combinatie_final.avi,,,,,,,,0
7_1_trial_14_p1_oud_combinatie_final.avi,,,,,,,,0
7_1_trial_15_p1_langzaam_combinatie_final.avi,,,,,,,,0
7_1_trial_16_p1_staart_combinatie_final.avi,,,,,,,,0
7_1_trial_17_p1_horen_combinatie_final.avi,,,,,,,,0
7_1_trial_20_p0_vogel_gebaren_final.avi,,,,,,,,0
7_1_trial_21_p0_bitter_gebaren_final.avi,,,,,,,,0
7_1_trial_22_p0_dood_gebaren_final.avi,,,,,,,,0
7_1_trial_23_p0_bang_gebaren_final.avi,,,,,,,,0
7_1_trial_24_p0_dik_gebaren_final.avi,,,,,,,,0
7_1_trial_25_p0_slaan_gebaren_final.avi,,,,,,,,0
7_1_trial_26_p0_jagen_gebaren_final.avi,,,,,,,,0
7_1_trial_29_p1_koud_gebaren_final.avi,,,,,,,,0
7_1_trial_30_p1_verdrietig_gebaren_final.avi,,,,,,,,0
7_1_trial_31_p1_zout_gebaren_final.avi,,,,,,,,0
7_1_trial_32_p1_piepen_gebaren_final.avi,,,,,,,,0
7_1_trial_33_p1_vechten_gebaren_final.avi,,,,,,,,0
7_1_trial_34_p1_ruiken_gebaren_final.avi,,,,,,,,0
7_1_trial_35_p1_fluisteren_gebaren_final.avi,,,,,,,,0
7_1_trial_38_p0_ik_geluiden_final.avi,,,,,,,,0
7_1_trial_39_p0_kat_geluiden_final.avi,,,,,,,,0
7_1_trial_40_p0_goed_geluiden_final.avi,,,,,,,,0
7_1_trial_41_p0_luidruchtig_geluiden_final.avi,,,,,,,,0
7_1_trial_42_p0_geur_geluiden_final.avi,,,,,,,,0
7_1_trial_43_p0_klein_geluiden_final.avi,,,,,,,,0
7_1_trial_44_p0_eten_geluiden_final.avi,,,,,,,,0
7_1_trial_47_p1_zoemen_geluiden_final.avi,,,,,,,,0
7_1_trial_48_p1_vuur_geluiden_final.avi,,,,,,,,0
7_1_trial_49_p1_scherp_geluiden_final.avi,,,,,,,,0
7_1_trial_50_p1_huilen_geluiden_final.avi,,,,,,,,0
7_1_trial_52_p1_lachen_geluiden_final.avi,,,,,,,,0
7_1_trial_53_p1_rennen_geluiden_final.avi,,,,,,,,0
9_1_trial_2_p0_ei_geluiden_final.avi,,,,,,,,0
9_1_trial_3_p0_berg_geluiden_final.avi,,,,,,,,0
9_1_trial_4_p0_scherp_geluiden_final.avi,,,,,,,,0
9_1_trial_5_p0_stil_geluiden_final.avi,,,,,,,,0
9_1_trial_6_p0_onweer_geluiden_final.avi,,,,,,,,0
9_1_trial_7_p0_vliegen_geluiden_final.avi,,,,,,,,0
9_1_trial_8_p0_slaan_geluiden_final.avi,,,,,,,,0
9_1_trial_11_p1_zoemen_geluiden_final.avi,,,,,,,,0
9_1_trial_12_p1_kat_geluiden_final.avi,,,,,,,,0
9_1_trial_13_p1_vuur_geluiden_final.avi,,,,,,,,0
9_1_trial_14_p1_oud_geluiden_final.avi,,,,,,,,0
9_1_trial_15_p1_klein_geluiden_final.avi,,,,,,,,0
9_1_trial_17_p1_slapen_geluiden_final.avi,,,,,,,,0
9_1_trial_20_p0_dood_gebaren_final.avi,,,,,,,,0
9_1_trial_21_p0_hoorn_gebaren_final.avi,,,,,,,,0
9_1_trial_22_p0_verbranden_gebaren_final.avi,,,,,,,,0
9_1_trial_23_p0_drinken_gebaren_final.avi,,,,,,,,0
9_1_trial_24_p0_vechten_gebaren_final.avi,,,,,,,,0
9_1_trial_25_p0_zuigen_gebaren_final.avi,,,,,,,,0
9_1_trial_26_p0_fluisteren_gebaren_final.avi,,,,,,,,0
9_1_trial_29_p1_ver_gebaren_final.avi,,,,,,,,0
9_1_trial_30_p1_zwaar_gebaren_final.avi,,,,,,,,0
9_1_trial_31_p1_misschien_gebaren_final.avi,,,,,,,,0
9_1_trial_32_p1_zoet_gebaren_final.avi,,,,,,,,0
9_1_trial_33_p1_staart_gebaren_final.avi,,,,,,,,0
9_1_trial_34_p1_jagen_gebaren_final.avi,,,,,,,,0
9_1_trial_35_p1_ruiken_gebaren_final.avi,,,,,,,,0
9_1_trial_38_p0_regen_combinatie_final.avi,,,,,,,,0
9_1_trial_39_p0_huilen_combinatie_final.avi,,,,,,,,0
9_1_trial_40_p0_eten_combinatie_final.avi,,,,,,,,0
9_1_trial_41_p0_grommen_combinatie_final.avi,,,,,,,,0
9_1_trial_42_p0_horen_combinatie_final.avi,,,,,,,,0
9_1_trial_43_p0_staan_combinatie_final.avi,,,,,,,,0
9_1_trial_44_p0_lopen_combinatie_final.avi,,,,,,,,0
9_1_trial_47_p1_koud_combinatie_final.avi,,,,,,,,0
9_1_trial_48_p1_hoog_combinatie_final.avi,,,,,,,,0
15_2_trial_50_p0_rennen_geluiden_c1_final.avi,,,,,,,,0
15_2_trial_55_p1_zoemen_geluiden_c0_final.avi,,,,,,,,0
15_2_trial_56_p1_dood_geluiden_c0_final.avi,,,,,,,,0
15_2_trial_57_p1_dood_geluiden_c1_final.avi,,,,,,,,0
15_2_trial_58_p1_dood_geluiden_c2_final.avi,,,,,,,,0
15_2_trial_59_p1_bliksem_geluiden_c0_final.avi,,,,,,,,0
15_2_trial_60_p1_bliksem_geluiden_c1_final.avi,,,,,,,,0
15_2_trial_61_p1_bliksem_geluiden_c2_final.avi,,,,,,,,0
15_2_trial_62_p1_berg_geluiden_c0_final.avi,,,,,,,,0
15_2_trial_63_p1_berg_geluiden_c1_final.avi,,,,,,,,0
15_2_trial_64_p1_berg_geluiden_c2_final.avi,,,,,,,,0
15_2_trial_65_p1_geur_geluiden_c0_final.avi,,,,,,,,0
15_2_trial_66_p1_geur_geluiden_c1_final.avi,,,,,,,,0
15_2_trial_67_p1_geur_geluiden_c2_final.avi,,,,,,,,0
15_2_trial_68_p1_oud_geluiden_c0_final.avi,,,,,,,,0
15_2_trial_69_p1_oud_geluiden_c1_final.avi,,,,,,,,0
15_2_trial_70_p1_zuur_geluiden_c0_final.avi,,,,,,,,0
15_2_trial_71_p1_zuur_geluiden_c1_final.avi,,,,,,,,0
15_2_trial_72_p1_zuur_geluiden_c2_final.avi,,,,,,,,0
15_2_trial_77_p0_walgen_gebaren_c0_final.avi,,,,,,,,0
15_2_trial_78_p0_walgen_gebaren_c1_final.avi,,,,,,,,0
15_2_trial_79_p0_walgen_gebaren_c2_final.avi,,,,,,,,0
15_2_trial_80_p0_snel_gebaren_c0_final.avi,,,,,,,,0
15_2_trial_81_p0_snel_gebaren_c1_final.avi,,,,,,,,0
15_2_trial_82_p0_vrouw_gebaren_c0_final.avi,,,,,,,,0
15_2_trial_83_p0_hoog_gebaren_c0_final.avi,,,,,,,,0
15_2_trial_84_p0_scherp_gebaren_c0_final.avi,,,,,,,,0
15_2_trial_85_p0_scherp_gebaren_c1_final.avi,,,,,,,,0
15_2_trial_86_p0_scherp_gebaren_c2_final.avi,,,,,,,,0
15_2_trial_87_p0_langzaam_gebaren_c0_final.avi,,,,,,,,0
15_2_trial_88_p0_water_gebaren_c0_final.avi,,,,,,,,0
15_2_trial_89_p0_water_gebaren_c1_final.avi,,,,,,,,0
15_2_trial_92_p1_boos_gebaren_c0_final.avi,,,,,,,,0
15_2_trial_93_p1_kind_gebaren_c0_final.avi,,,,,,,,0
15_2_trial_94_p1_kind_gebaren_c1_final.avi,,,,,,,,0
15_2_trial_95_p1_kind_gebaren_c2_final.avi,,,,,,,,0
15_2_trial_96_p1_ver_gebaren_c0_final.avi,,,,,,,,0
15_2_trial_97_p1_vis_gebaren_c0_final.avi,,,,,,,,0
15_2_trial_98_p1_vis_gebaren_c1_final.avi,,,,,,,,0
15_2_trial_99_p1_vis_gebaren_c2_final.avi,,,,,,,,0
15_2_trial_100_p1_regen_gebaren_c0_final.avi,,,,,,,,0
15_2_trial_101_p1_piepen_gebaren_c0_final.avi,,,,,,,,0
15_2_trial_102_p1_piepen_gebaren_c1_final.avi,,,,,,,,0
15_2_trial_103_p1_piepen_gebaren_c2_final.avi,,,,,,,,0
15_2_trial_104_p1_vangen_gebaren_c0_final.avi,,,,,,,,0
62_1_trial_2_p0_blij_gebaren_final.avi,,,,,,,,0
62_1_trial_3_p0_heet_gebaren_final.avi,,,,,,,,0
62_1_trial_4_p0_scherp_gebaren_final.avi,,,,,,,,0
62_1_trial_5_p0_stil_gebaren_final.avi,,,,,,,,0
62_1_trial_6_p0_slang_gebaren_final.avi,,,,,,,,0
62_1_trial_7_p0_verbranden_gebaren_final.avi,,,,,,,,0
62_1_trial_11_p1_bliksem_gebaren_final.avi,,,,,,,,0
62_1_trial_12_p1_oud_gebaren_final.avi,,,,,,,,0
62_1_trial_13_p1_regen_gebaren_final.avi,,,,,,,,0
62_1_trial_14_p1_huilen_gebaren_final.avi,,,,,,,,0
62_1_trial_15_p1_eten_gebaren_final.avi,,,,,,,,0
62_1_trial_16_p1_zwemmen_gebaren_final.avi,,,,,,,,0
62_1_trial_17_p1_lopen_gebaren_final.avi,,,,,,,,0
62_1_trial_20_p0_boos_combinatie_final.avi,,,,,,,,0
62_1_trial_21_p0_hond_combinatie_final.avi,,,,,,,,0
62_1_trial_22_p0_vuur_combinatie_final.avi,,,,,,,,0
62_1_trial_23_p0_niet_combinatie_final.avi,,,,,,,,0
62_1_trial_24_p0_piepen_combinatie_final.avi,,,,,,,,0
62_1_trial_25_p0_vangen_combinatie_final.avi,,,,,,,,0
62_1_trial_26_p0_water_combinatie_final.avi,,,,,,,,0
62_1_trial_29_p1_vogel_combinatie_final.avi,,,,,,,,0
62_1_trial_30_p1_kind_combinatie_final.avi,,,,,,,,0
62_1_trial_31_p1_vis_combinatie_final.avi,,,,,,,,0
62_1_trial_32_p1_zout_combinatie_final.avi,,,,,,,,0
62_1_trial_33_p1_bijten_combinatie_final.avi,,,,,,,,0
62_1_trial_34_p1_jagen_combinatie_final.avi,,,,,,,,0
62_1_trial_35_p1_likken_combinatie_final.avi,,,,,,,,0
62_1_trial_38_p0_walgen_geluiden_final.avi,,,,,,,,0
62_1_trial_39_p0_man_geluiden_final.avi,,,,,,,,0
62_1_trial_40_p0_ziek_geluiden_final.avi,,,,,,,,0
62_1_trial_41_p0_onweer_geluiden_final.avi,,,,,,,,0
62_1_trial_42_p0_vliegen_geluiden_final.avi,,,,,,,,0
62_1_trial_43_p0_slapen_geluiden_final.avi,,,,,,,,0
62_1_trial_44_p0_kotsen_geluiden_final.avi,,,,,,,,0
62_1_trial_47_p1_hoorn_geluiden_final.avi,,,,,,,,0
62_1_trial_48_p1_verdrietig_geluiden_final.avi,,,,,,,,0
62_1_trial_49_p1_bang_geluiden_final.avi,,,,,,,,0
62_1_trial_50_p1_vallen_geluiden_final.avi,,,,,,,,0
62_1_trial_51_p1_ruiken_geluiden_final.avi,,,,,,,,0
62_1_trial_52_p1_fluisteren_geluiden_final.avi,,,,,,,,0
62_1_trial_53_p1_wind_geluiden_final.avi,,,,,,,,0
65_1_trial_2_p0_zoemen_gebaren_final.avi,,,,,,,,0
65_1_trial_3_p0_vuur_gebaren_final.avi,,,,,,,,0
65_1_trial_4_p0_slang_gebaren_final.avi,,,,,,,,0
65_1_trial_5_p0_ademen_gebaren_final.avi,,,,,,,,0
65_1_trial_6_p0_kruipen_gebaren_final.avi,,,,,,,,0
65_1_trial_7_p0_geven_gebaren_final.avi,,,,,,,,0
65_1_trial_11_p1_kat_gebaren_final.avi,,,,,,,,0
65_1_trial_12_p1_walgen_gebaren_final.avi,,,,,,,,0
65_1_trial_13_p1_zwaar_gebaren_final.avi,,,,,,,,0
65_1_trial_14_p1_hoog_gebaren_final.avi,,,,,,,,0
65_1_trial_15_p1_zuur_gebaren_final.avi,,,,,,,,0
65_1_trial_16_p1_zuigen_gebaren_final.avi,,,,,,,,0
65_1_trial_17_p1_lopen_gebaren_final.avi,,,,,,,,0
65_1_trial_20_p0_blij_combinatie_final.avi,,,,,,,,0
65_1_trial_21_p0_luidruchtig_combinatie_final.avi,,,,,,,,0
65_1_trial_22_p0_zout_combinatie_final.avi,,,,,,,,0
65_1_trial_23_p0_ziek_combinatie_final.avi,,,,,,,,0
65_1_trial_24_p0_klein_combinatie_final.avi,,,,,,,,0
65_1_trial_25_p0_drinken_combinatie_final.avi,,,,,,,,0
65_1_trial_26_p0_rennen_combinatie_final.avi,,,,,,,,0
65_1_trial_29_p1_vogel_combinatie_final.avi,,,,,,,,0
65_1_trial_30_p1_bitter_combinatie_final.avi,,,,,,,,0
65_1_trial_31_p1_koud_combinatie_final.avi,,,,,,,,0
65_1_trial_32_p1_dood_combinatie_final.avi,,,,,,,,0
65_1_trial_33_p1_regen_combinatie_final.avi,,,,,,,,0
65_1_trial_34_p1_langzaam_combinatie_final.avi,,,,,,,,0
65_1_trial_35_p1_kauwen_combinatie_final.avi,,,,,,,,0
65_1_trial_38_p0_vrouw_geluiden_final.avi,,,,,,,,0
65_1_trial_39_p0_vlieg_geluiden_final.avi,,,,,,,,0
65_1_trial_40_p0_misschien_geluiden_final.avi,,,,,,,,0
65_1_trial_41_p0_bang_geluiden_final.avi,,,,,,,,0
65_1_trial_42_p0_staart_geluiden_final.avi,,,,,,,,0
65_1_trial_43_p0_horen_geluiden_final.avi,,,,,,,,0
65_1_trial_44_p0_fluisteren_geluiden_final.avi,,,,,,,,0
65_1_trial_47_p1_ik_geluiden_final.avi,,,,,,,,0
65_1_trial_48_p1_groot_geluiden_final.avi,,,,,,,,0
65_1_trial_49_p1_snel_geluiden_final.avi,,,,,,,,0
65_1_trial_50_p1_niet_geluiden_final.avi,,,,,,,,0
65_1_trial_51_p1_stil_geluiden_final.avi,,,,,,,,0
65_1_trial_52_p1_zoet_geluiden_final.avi,,,,,,,,0
65_1_trial_53_p1_water_geluiden_final.avi,,,,,,,,0
66_1_trial_2_p0_vis_gebaren_final.avi,,,,,,,,0
66_1_trial_3_p0_vlieg_gebaren_final.avi,,,,,,,,0
66_1_trial_4_p0_man_gebaren_final.avi,,,,,,,,0
66_1_trial_5_p0_oud_gebaren_final.avi,,,,,,,,0
66_1_trial_6_p0_verdrietig_gebaren_final.avi,,,,,,,,0
66_1_trial_7_p0_verbranden_gebaren_final.avi,,,,,,,,0
66_1_trial_8_p0_kotsen_gebaren_final.avi,,,,,,,,0
66_1_trial_11_p1_boos_gebaren_final.avi,,,,,,,,0
66_1_trial_12_p1_zoemen_gebaren_final.avi,,,,,,,,0
66_1_trial_13_p1_kind_gebaren_final.avi,,,,,,,,0
66_1_trial_14_p1_vuur_gebaren_final.avi,,,,,,,,0
66_1_trial_15_p1_ziek_gebaren_final.avi,,,,,,,,0
66_1_trial_16_p1_staan_gebaren_final.avi,,,,,,,,0
66_1_trial_17_p1_gooien_gebaren_final.avi,,,,,,,,0
66_1_trial_20_p0_vogel_geluiden_final.avi,,,,,,,,0
66_1_trial_21_p0_hond_geluiden_final.avi,,,,,,,,0
66_1_trial_22_p0_vrouw_geluiden_final.avi,,,,,,,,0
66_1_trial_23_p0_hoorn_geluiden_final.avi,,,,,,,,0
66_1_trial_24_p0_sterk_geluiden_final.avi,,,,,,,,0
66_1_trial_25_p0_blazen_geluiden_final.avi,,,,,,,,0
66_1_trial_26_p0_vangen_geluiden_final.avi,,,,,,,,0
66_1_trial_29_p1_bitter_geluiden_final.avi,,,,,,,,0
66_1_trial_30_p1_kat_geluiden_final.avi,,,,,,,,0
66_1_trial_31_p1_blij_geluiden_final.avi,,,,,,,,0
66_1_trial_32_p1_zuur_geluiden_final.avi,,,,,,,,0
66_1_trial_33_p1_eten_geluiden_final.avi,,,,,,,,0
66_1_trial_34_p1_weten_geluiden_final.avi,,,,,,,,0
66_1_trial_35_p1_zuigen_geluiden_final.avi,,,,,,,,0
66_1_trial_38_p0_zwaar_combinatie_final.avi,,,,,,,,0
66_1_trial_39_p0_hoog_combinatie_final.avi,,,,,,,,0
66_1_trial_40_p0_heet_combinatie_final.avi,,,,,,,,0
66_1_trial_41_p0_niet_combinatie_final.avi,,,,,,,,0
66_1_trial_42_p0_dik_combinatie_final.avi,,,,,,,,0
66_1_trial_43_p0_onweer_combinatie_final.avi,,,,,,,,0
66_1_trial_44_p0_zwemmen_combinatie_final.avi,,,,,,,,0
66_1_trial_47_p1_groot_combinatie_final.avi,,,,,,,,0
66_1_trial_48_p1_regen_combinatie_final.avi,,,,,,,,0
66_1_trial_49_p1_scherp_combinatie_final.avi,,,,,,,,0
66_1_trial_50_p1_vliegen_combinatie_final.avi,,,,,,,,0
66_1_trial_51_p1_lachen_combinatie_final.avi,,,,,,,,0
66_1_trial_52_p1_slapen_combinatie_final.avi,,,,,,,,0
66_1_trial_53_p1_water_combinatie_final.avi,,,,,,,,0
67_1_trial_2_p0_bitter_combinatie_final.avi,,,,,,,,0
67_1_trial_3_p0_walgen_combinatie_final.avi,,,,,,,,0
67_1_trial_4_p0_goed_combinatie_final.avi,,,,,,,,0
67_1_trial_5_p0_hoog_combinatie_final.avi,,,,,,,,0
67_1_trial_6_p0_luidruchtig_combinatie_final.avi,,,,,,,,0
67_1_trial_7_p0_zout_combinatie_final.avi,,,,,,,,0
67_1_trial_8_p0_sterk_combinatie_final.avi,,,,,,,,0
67_1_trial_11_p1_vrouw_combinatie_final.avi,,,,,,,,0
67_1_trial_12_p1_vis_combinatie_final.avi,,,,,,,,0
67_1_trial_13_p1_hoorn_combinatie_final.avi,,,,,,,,0
67_1_trial_14_p1_oud_combinatie_final.avi,,,,,,,,0
67_1_trial_15_p1_eten_combinatie_final.avi,,,,,,,,0
67_1_trial_16_p1_vallen_combinatie_final.avi,,,,,,,,0
67_1_trial_17_p1_fluisteren_combinatie_final.avi,,,,,,,,0
67_1_trial_20_p0_vlieg_gebaren_final.avi,,,,,,,,0
67_1_trial_21_p0_blij_gebaren_final.avi,,,,,,,,0
67_1_trial_22_p0_zoet_gebaren_final.avi,,,,,,,,0
67_1_trial_23_p0_ademen_gebaren_final.avi,,,,,,,,0
67_1_trial_24_p0_vangen_gebaren_final.avi,,,,,,,,0
67_1_trial_25_p0_vechten_gebaren_final.avi,,,,,,,,0
67_1_trial_26_p0_wind_gebaren_final.avi,,,,,,,,0
67_1_trial_29_p1_zwaar_gebaren_final.avi,,,,,,,,0
67_1_trial_30_p1_bang_gebaren_final.avi,,,,,,,,0
67_1_trial_31_p1_scherp_gebaren_final.avi,,,,,,,,0
67_1_trial_32_p1_slaan_gebaren_final.avi,,,,,,,,0
67_1_trial_33_p1_staan_gebaren_final.avi,,,,,,,,0
67_1_trial_34_p1_zwemmen_gebaren_final.avi,,,,,,,,0
67_1_trial_35_p1_gooien_gebaren_final.avi,,,,,,,,0
67_1_trial_38_p0_kind_geluiden_final.avi,,,,,,,,0
67_1_trial_39_p0_dood_geluiden_final.avi,,,,,,,,0
67_1_trial_40_p0_ziek_geluiden_final.avi,,,,,,,,0
67_1_trial_41_p0_verbranden_geluiden_final.avi,,,,,,,,0
67_1_trial_42_p0_grommen_geluiden_final.avi,,,,,,,,0
67_1_trial_44_p0_lachen_geluiden_final.avi,,,,,,,,0
67_1_trial_47_p1_snel_geluiden_final.avi,,,,,,,,0
67_1_trial_48_p1_regen_geluiden_final.avi,,,,,,,,0
67_1_trial_49_p1_stil_geluiden_final.avi,,,,,,,,0
67_1_trial_50_p1_staart_geluiden_final.avi,,,,,,,,0
67_1_trial_51_p1_likken_geluiden_final.avi,,,,,,,,0
67_1_trial_52_p1_zuigen_geluiden_final.avi,,,,,,,,0
67_1_trial_53_p1_water_geluiden_final.avi,,,,,,,,0
67_2_trial_6_p0_boos_geluiden_c0_final.avi,,,,,,,,0
67_2_trial_7_p0_zoemen_geluiden_c0_final.avi,,,,,,,,0
67_2_trial_8_p0_zoemen_geluiden_c1_final.avi,,,,,,,,0
67_2_trial_9_p0_zoemen_geluiden_c2_final.avi,,,,,,,,0
67_2_trial_10_p0_bliksem_geluiden_c0_final.avi,,,,,,,,0
67_2_trial_11_p0_bliksem_geluiden_c1_final.avi,,,,,,,,0
67_2_trial_12_p0_bliksem_geluiden_c2_final.avi,,,,,,,,0
67_2_trial_13_p0_man_geluiden_c0_final.avi,,,,,,,,0
67_2_trial_14_p0_man_geluiden_c1_final.avi,,,,,,,,0
67_2_trial_15_p0_man_geluiden_c2_final.avi,,,,,,,,0
67_2_trial_16_p0_bijten_geluiden_c0_final.avi,,,,,,,,0
67_2_trial_17_p0_bijten_geluiden_c1_final.avi,,,,,,,,0
67_2_trial_18_p0_bijten_geluiden_c2_final.avi,,,,,,,,0
67_2_trial_19_p0_kauwen_geluiden_c0_final.avi,,,,,,,,0
67_2_trial_20_p0_horen_geluiden_c0_final.avi,,,,,,,,0
67_2_trial_21_p0_horen_geluiden_c1_final.avi,,,,,,,,0
67_2_trial_22_p0_horen_geluiden_c2_final.avi,,,,,,,,0
67_2_trial_29_p1_groot_geluiden_c0_final.avi,,,,,,,,0
67_2_trial_30_p1_groot_geluiden_c1_final.avi,,,,,,,,0
67_2_trial_31_p1_groot_geluiden_c2_final.avi,,,,,,,,0
67_2_trial_32_p1_niet_geluiden_c0_final.avi,,,,,,,,0
67_2_trial_33_p1_niet_geluiden_c1_final.avi,,,,,,,,0
67_2_trial_34_p1_niet_geluiden_c2_final.avi,,,,,,,,0
67_2_trial_35_p1_verdrietig_geluiden_c0_final.avi,,,,,,,,0
67_2_trial_36_p1_langzaam_geluiden_c0_final.avi,,,,,,,,0
67_2_trial_37_p1_langzaam_geluiden_c1_final.avi,,,,,,,,0
67_2_trial_38_p1_langzaam_geluiden_c2_final.avi,,,,,,,,0
67_2_trial_39_p1_dik_geluiden_c0_final.avi,,,,,,,,0
67_2_trial_40_p1_dik_geluiden_c1_final.avi,,,,,,,,0
67_2_trial_41_p1_dik_geluiden_c2_final.avi,,,,,,,,0
67_2_trial_42_p1_jagen_geluiden_c0_final.avi,,,,,,,,0
67_2_trial_43_p1_jagen_geluiden_c1_final.avi,,,,,,,,0
67_2_trial_44_p1_jagen_geluiden_c2_final.avi,,,,,,,,0
67_2_trial_45_p1_weten_geluiden_c0_final.avi,,,,,,,,0
67_2_trial_46_p1_weten_geluiden_c1_final.avi,,,,,,,,0
67_2_trial_51_p0_kat_combinatie_c0_final.avi,,,,,,,,0
67_2_trial_52_p0_koud_combinatie_c0_final.avi,,,,,,,,0
67_2_trial_53_p0_hond_combinatie_c0_final.avi,,,,,,,,0
67_2_trial_54_p0_heet_combinatie_c0_final.avi,,,,,,,,0
67_2_trial_55_p0_heet_combinatie_c1_final.avi,,,,,,,,0
67_2_trial_56_p0_vliegen_combinatie_c0_final.avi,,,,,,,,0
67_2_trial_57_p0_rennen_combinatie_c0_final.avi,,,,,,,,0
67_2_trial_58_p0_lopen_combinatie_c0_final.avi,,,,,,,,0
67_2_trial_63_p1_vogel_combinatie_c0_final.avi,,,,,,,,0
67_2_trial_64_p1_ei_combinatie_c0_final.avi,,,,,,,,0
67_2_trial_65_p1_ver_combinatie_c0_final.avi,,,,,,,,0
67_2_trial_66_p1_misschien_combinatie_c0_final.avi,,,,,,,,0
67_2_trial_67_p1_misschien_combinatie_c1_final.avi,,,,,,,,0
67_2_trial_68_p1_misschien_combinatie_c2_final.avi,,,,,,,,0
67_2_trial_69_p1_piepen_combinatie_c0_final.avi,,,,,,,,0
67_2_trial_70_p1_piepen_combinatie_c1_final.avi,,,,,,,,0
67_2_trial_71_p1_piepen_combinatie_c2_final.avi,,,,,,,,0
67_2_trial_72_p1_geven_combinatie_c0_final.avi,,,,,,,,0
67_2_trial_73_p1_slapen_combinatie_c0_final.avi,,,,,,,,0
67_2_trial_76_p0_vuur_gebaren_c0_final.avi,,,,,,,,0
67_2_trial_77_p0_berg_gebaren_c0_final.avi,,,,,,,,0
67_2_trial_78_p0_berg_gebaren_c1_final.avi,,,,,,,,0
67_2_trial_79_p0_geur_gebaren_c0_final.avi,,,,,,,,0
67_2_trial_80_p0_geur_gebaren_c1_final.avi,,,,,,,,0
67_2_trial_81_p0_klein_gebaren_c0_final.avi,,,,,,,,0
67_2_trial_82_p0_zuur_gebaren_c0_final.avi,,,,,,,,0
67_2_trial_83_p0_zuur_gebaren_c1_final.avi,,,,,,,,0
67_2_trial_84_p0_zuur_gebaren_c2_final.avi,,,,,,,,0
67_2_trial_85_p0_kruipen_gebaren_c0_final.avi,,,,,,,,0
67_2_trial_86_p0_kotsen_gebaren_c0_final.avi,,,,,,,,0
67_2_trial_87_p0_kotsen_gebaren_c1_final.avi,,,,,,,,0
67_2_trial_90_p1_ik_gebaren_c0_final.avi,,,,,,,,0
67_2_trial_91_p1_ik_gebaren_c1_final.avi,,,,,,,,0
67_2_trial_92_p1_ik_gebaren_c2_final.avi,,,,,,,,0
67_2_trial_93_p1_slang_gebaren_c0_final.avi,,,,,,,,0
67_2_trial_94_p1_slang_gebaren_c1_final.avi,,,,,,,,0
67_2_trial_95_p1_slang_gebaren_c2_final.avi,,,,,,,,0
67_2_trial_96_p1_onweer_gebaren_c0_final.avi,,,,,,,,0
67_2_trial_97_p1_onweer_gebaren_c1_final.avi,,,,,,,,0
67_2_trial_98_p1_onweer_gebaren_c2_final.avi,,,,,,,,0
67_2_trial_99_p1_blazen_gebaren_c0_final.avi,,,,,,,,0
67_2_trial_100_p1_huilen_gebaren_c0_final.avi,,,,,,,,0
67_2_trial_101_p1_drinken_gebaren_c0_final.avi,,,,,,,,0
67_2_trial_102_p1_ruiken_gebaren_c0_final.avi,,,,,,,,0
67_2_trial_103_p1_ruiken_gebaren_c1_final.avi,,,,,,,,0
67_2_trial_104_p1_ruiken_gebaren_c2_final.avi,,,,,,,,0
